,Accuracy,Precision,Recall,F1-Score,ROC-AUC,Log Loss,MAE,MSE,RMSE,R² Score,Cohen’s Kappa,Balanced Accuracy,Hinge Loss,Gini Coefficient,Chi-Square (Z²)
Naive Bayes,0.990909090909091,0.9912982840321051,0.990909090909091,0.9909083940137486,0.9999419745956196,0.02162516593905744,0.08674242424242425,0.9632575757575758,0.981456863931154,0.9759716686792638,0.9904739152013069,0.9906384648224322,0.02835033995409435,0.9998839491912392,54420.865082549884
KNN,0.9916666666666667,0.99177329661096,0.9916666666666667,0.991661563661771,0.9995583617158652,0.04581385994776895,0.07613636363636364,0.821590909090909,0.9064165207513095,0.9795055247209293,0.9912675875492758,0.9914875797219428,0.02772727272727273,0.9991167234317304,54491.89824583576
SVM,0.9878787878787879,0.9886917317623855,0.9878787878787879,0.9879330873725706,0.9998864092372169,0.04351422928376682,0.1159090909090909,1.2545454545454546,1.1200649331826502,0.9687055315240747,0.9872986758177943,0.9877601019344581,0.05386336298218691,0.9997728184744339,54123.608375689095
Random Forest,0.9939393939393939,0.993973949107577,0.9939393939393939,0.99394068236895,0.9999796967064711,0.030907447375732255,0.05037878787878788,0.5268939393939394,0.7258746030782034,0.9868567011926291,0.9936492156916694,0.9937348774831475,0.0464469696969697,0.9999593934129423,54731.27019620313
